{"mean": -6.586598873138428, "std": 4.399158000946045}