{
  "fold_accuracies": [
    0.8041237113402062,
    0.8130630630630631,
    0.7578378378378379,
    0.8292929292929293,
    0.9113247863247863,
    0.7982989064398542,
    0.8317422434367542,
    0.7406947890818859,
    0.8321078431372549,
    0.8733572281959379
  ],
  "mean_accuracy": 0.8191843338150508
}